{"cameraMode":{"drawMode":0,"name":"Shaded","section":"Shading Mode"},"sceneLighting":true,"audioPlay":false,"sceneViewState":{"showFog":true,"showMaterialUpdate":false,"showSkybox":true,"showFlares":true,"showImageEffects":true,"showParticleSystems":true},"in2DMode":false,"pivot":{"x":-1.11328125,"y":1.791259765625,"z":-3.7078094482421877},"rotation":{"x":0.011971896514296532,"y":0.06804443895816803,"z":-0.0008165236795321107,"w":0.9976104497909546},"size":20.68355369567871,"orthographic":true}